slug,name,source,url,page
aaron-ford,Aaron Ford,manual,"https://run.imgix.net/0673dc2a-efb3-406b-8853-c586c6af7981/41008dbc-28f0-411b-978e-b5cbf4eb1b83/41008dbc-28f0-411b-978e-b5cbf4eb1b83.jpg?rect=2850,200,3400,4250&w=1200&fm=jpg&q=85",https://www.fordfornevada.com/media
adam-gray,Adam Gray,congress,https://unitedstates.github.io/images/congress/original/G000605.jpg,G000605
adam-hamilton,Adam Hamilton,manual,https://hamiltonforkansas.com/wp-content/uploads/2026/04/Mainbg4-scaled.jpg,https://hamiltonforkansas.com/
adam-smith,Adam Smith,congress,https://unitedstates.github.io/images/congress/original/S000510.jpg,S000510
adrian-boafo,Adrian Boafo,manual,https://static.wixstatic.com/media/45346f_595805a01a28483e8cbf486afb202e2f~mv2.jpg,https://www.adrianboafo.com
ami-bera,Ami Bera,congress,https://unitedstates.github.io/images/congress/original/B001287.jpg,B001287
amish-shah,Amish Shah,manual,https://images.squarespace-cdn.com/content/v1/644cbe97b9c0767684efd237/68aaf900-4ac8-4563-9bf8-a518186f0323/401_Amish_Shah_090624.jpg,https://www.amishforarizona.com/gallery
amy-acton,Amy Acton,manual,https://s3.amazonaws.com/ballotpedia-api4/files/Amy_Acton_20250211_075037.jpg,https://ballotpedia.org/Amy_Acton
andre-carson,André Carson,congress,https://unitedstates.github.io/images/congress/original/C001072.jpg,C001072
andrea-salinas,Andrea Salinas,congress,https://unitedstates.github.io/images/congress/original/S001226.jpg,S001226
april-mcclain-delaney,April McClain Delaney,congress,https://unitedstates.github.io/images/congress/original/M001232.jpg,M001232
bale-dalton,Bale Dalton,manual,https://s3.amazonaws.com/ballotpedia-api4/files/Bale-Dalton-Headshot-High-Resolution_20260731_020136_48577_1.jpg,https://ballotpedia.org/Bale_Dalton
ben-mcadams,Ben McAdams,wikipedia,https://thumb.wikimedia.org/wikipedia/commons/thumb/5/56/Ben_McAdams%2C_official_portrait%2C_116th_Congress.jpg/960px-Ben_McAdams%2C_official_portrait%2C_116th_Congress.jpg?utm_source=en.wikipedia.org&utm_campaign=api&utm_content=thumbnail,Ben McAdams
ben-ray-lujan,Ben Ray Luján,congress,https://unitedstates.github.io/images/congress/original/L000570.jpg,L000570
bill-foster,Bill Foster,congress,https://unitedstates.github.io/images/congress/original/F000454.jpg,F000454
bill-hill,Bill Hill,manual,https://s3.amazonaws.com/ballotpedia-api4/files/BillHillHeadshot_20260921_233711_57441_1.jpg,https://ballotpedia.org/Bill_Hill
bill-keating,Bill Keating,congress,https://unitedstates.github.io/images/congress/original/K000375.jpg,K000375
blake-gendebien,Blake Gendebien,manual,https://blakegendebienforcongress.com/wp-content/uploads/2026/07/Hero-compressed.jpg,https://blakegendebienforcongress.com/
bob-brooks,Bob Brooks,manual,https://s3.amazonaws.com/ballotpedia-api4/files/bobbrooks.jpg,https://ballotpedia.org/Bob_Brooks_(Pennsylvania)
bob-harvie,Bob Harvie,manual,https://s3.amazonaws.com/ballotpedia-api4/files/Bob_Harvie_20260402_045208.jpg,https://ballotpedia.org/Bob_Harvie
bobby-pulido,Bobby Pulido,manual,https://s3.amazonaws.com/ballotpedia-api4/files/Bobby_Pulido_20260210_121044.png,https://ballotpedia.org/Bobby_Pulido
brad-schneider,Brad Schneider,congress,https://unitedstates.github.io/images/congress/original/S001190.jpg,S001190
brad-sherman,Brad Sherman,congress,https://unitedstates.github.io/images/congress/original/S000344.jpg,S000344
brendan-boyle,Brendan Boyle,congress,https://unitedstates.github.io/images/congress/original/B001296.jpg,B001296
brian-bengs,Brian Bengs,manual,https://s3.amazonaws.com/ballotpedia-api4/files/BrianBengs2025.jpeg,https://ballotpedia.org/Brian_Bengs
brian-poindexter,Brian Poindexter,manual,https://s3.amazonaws.com/ballotpedia-api4/files/Brian_Poindexter_20260119_024913.jpg,https://ballotpedia.org/Brian_Poindexter
brittany-pettersen,Brittany Pettersen,congress,https://unitedstates.github.io/images/congress/original/P000620.jpg,P000620
cait-conley,Cait Conley,manual,https://s3.amazonaws.com/ballotpedia-api4/files/Cait_Conley_20250505_055506.png,https://ballotpedia.org/Cait_Conley
chaz-molder,Chaz Molder,manual,https://chazmolder.com/wp-content/uploads/2025/08/chaz-headshot@2x.png,https://chazmolder.com
chris-coons,Chris Coons,congress,https://unitedstates.github.io/images/congress/original/C001088.jpg,C001088
chris-gallant,Chris Gallant,manual,https://gallantny.com/wp-content/uploads/2026/06/DSC_2924-scaled.jpeg,https://gallantny.com/
chris-pappas,Chris Pappas,congress,https://unitedstates.github.io/images/congress/original/P000614.jpg,P000614
chrissy-houlahan,Chrissy Houlahan,congress,https://unitedstates.github.io/images/congress/original/H001085.jpg,H001085
christina-bohannan,Christina Bohannan,wikipedia,https://thumb.wikimedia.org/wikipedia/commons/thumb/4/45/ChristinaBohannan.jpg/960px-ChristinaBohannan.jpg?utm_source=en.wikipedia.org&utm_campaign=api&utm_content=thumbnail,Christina Bohannan
christina-hines,Christina Hines,manual,https://s3.amazonaws.com/ballotpedia-api4/files/Christina_Hines_20250717_044310.jpeg,https://ballotpedia.org/Christina_Hines
cinde-warmington,Cinde Warmington,manual,https://s3.amazonaws.com/ballotpedia-api4/files/Cinde_Warmington.jpg,https://ballotpedia.org/Cinde_Warmington
cindy-holscher,Cindy Holscher,manual,https://fls-a2a2b9cf-6696-4c35-9dd2-e99fc5d38b25.laravel.cloud/containers/images/cindy-blue-headshot-a.jpg/b38cc0ea4e83120259f437aa30c30650/cindy-blue-headshot-a.webp,https://www.cindyforkansas.com/
cory-booker,Cory Booker,congress,https://unitedstates.github.io/images/congress/original/B001288.jpg,B001288
cyndi-munson,Cyndi Munson,wikipedia,https://thumb.wikimedia.org/wikipedia/commons/thumb/c/ca/Cyndi_Munson.jpg/960px-Cyndi_Munson.jpg?utm_source=en.wikipedia.org&utm_campaign=api&utm_content=thumbnail,Cyndi Munson
dan-ahlers,Dan Ahlers,manual,https://static.wixstatic.com/media/9938ef_a27616fc52c441d698399982c690b5d7~mv2.jpg,https://www.danahlers.com
dan-osborn,Dan Osborn,manual,https://upload.wikimedia.org/wikipedia/commons/8/89/Osborn_Headshot_1_%28cropped%29.jpg,https://commons.wikimedia.org/wiki/File:Osborn_Headshot_1_(cropped).jpg
darren-soto,Darren Soto,congress,https://unitedstates.github.io/images/congress/original/S001200.jpg,S001200
david-crowley,David Crowley,manual,https://live.staticflickr.com/65535/54716433676_9f97086697_o.jpg,https://www.flickr.com/photos/davidcrowleymke/54716433676/
david-jolly,David Jolly,manual,https://avmwarroom.com/candidates/david-jolly-headshot.jpg,https://davidjolly.com/
deb-haaland,Deb Haaland,wikipedia,https://thumb.wikimedia.org/wikipedia/commons/thumb/7/7e/Secretary_Deb_Haaland%2C_official_headshot.jpg/960px-Secretary_Deb_Haaland%2C_official_headshot.jpg?utm_source=en.wikipedia.org&utm_campaign=api&utm_content=thumbnail,Deb Haaland
debbie-wasserman-schultz,Debbie Wasserman Schultz,congress,https://unitedstates.github.io/images/congress/original/W000797.jpg,W000797
deborah-ross,Deborah Ross,congress,https://unitedstates.github.io/images/congress/original/R000305.jpg,R000305
denise-powell,Denise Powell,manual,https://s3.amazonaws.com/ballotpedia-api4/files/Denise_Powell_20250512_025941.jpg,https://ballotpedia.org/Denise_Powell
derek-tran,Derek Tran,congress,https://unitedstates.github.io/images/congress/original/T000491.jpg,T000491
don-beyer,Don Beyer,congress,https://unitedstates.github.io/images/congress/original/B001292.jpg,B001292
don-davis,Don Davis,congress,https://unitedstates.github.io/images/congress/original/D000230.jpg,D000230
donald-norcross,Donald Norcross,congress,https://unitedstates.github.io/images/congress/original/N000188.jpg,N000188
donna-miller,Donna Miller,manual,https://s3.amazonaws.com/ballotpedia-api4/files/donnamiller.jpg,https://ballotpedia.org/Donna_Miller_(Illinois)
doug-jones,Doug Jones,manual,https://upload.wikimedia.org/wikipedia/commons/f/f0/Senator_Doug_Jones_official_photo_%28cropped_2%29.jpg,https://commons.wikimedia.org/wiki/File:Senator_Doug_Jones_official_photo_(cropped_2).jpg
dr-richard-pan,Dr. Richard Pan,wikipedia,https://thumb.wikimedia.org/wikipedia/commons/thumb/7/7d/Richard_Pan_2010.jpg/960px-Richard_Pan_2010.jpg?utm_source=en.wikipedia.org&utm_campaign=api&utm_content=thumbnail,Richard Pan
ed-case,Ed Case,congress,https://unitedstates.github.io/images/congress/original/C001055.jpg,C001055
elaine-luria,Elaine Luria,wikipedia,https://upload.wikimedia.org/wikipedia/commons/9/9e/Rep._Elaine_Luria_official_photo%2C_117th_Congress.jpg?utm_source=en.wikipedia.org&utm_campaign=api&utm_content=thumbnail_unscaled,Elaine Luria
emilia-sykes,Emilia Sykes,congress,https://unitedstates.github.io/images/congress/original/S001223.jpg,S001223
emily-randall,Emily Randall,congress,https://unitedstates.github.io/images/congress/original/R000621.jpg,R000621
eric-sorensen,Eric Sorensen,congress,https://unitedstates.github.io/images/congress/original/S001225.jpg,S001225
eugene-vindman,Eugene Vindman,congress,https://unitedstates.github.io/images/congress/original/V000138.jpg,V000138
everett-wess,Everett Wess,manual,https://img1.wsimg.com/isteam/ip/21f79d0e-c317-4c6a-9685-0267b714fb22/_MG_3346.jpg,https://wessforsenate.com
frank-mrvan,Frank Mrvan,congress,https://unitedstates.github.io/images/congress/original/M001214.jpg,M001214
gabe-amo,Gabe Amo,congress,https://unitedstates.github.io/images/congress/original/A000380.jpg,A000380
gabe-vasquez,Gabe Vasquez,congress,https://unitedstates.github.io/images/congress/original/V000136.jpg,V000136
george-latimer,George Latimer,congress,https://unitedstates.github.io/images/congress/original/L000606.jpg,L000606
george-whitesides,George Whitesides,congress,https://unitedstates.github.io/images/congress/original/W000830.jpg,W000830
gil-cisneros,Gil Cisneros,congress,https://unitedstates.github.io/images/congress/original/C001123.jpg,C001123
gina-hinojosa,Gina Hinojosa,manual,https://secure.actblue.com/x/object/actblue-cyanotypes/replaced_images/branding/473813/d619ec88-0930-4f23-b374-a04acd8f0354-Headshot2-Retouched-6dd5e68a.png,https://ginafortexas.com
glenn-ivey,Glenn Ivey,congress,https://unitedstates.github.io/images/congress/original/I000058.jpg,I000058
greg-landsman,Greg Landsman,congress,https://unitedstates.github.io/images/congress/original/L000601.jpg,L000601
greg-stanton,Greg Stanton,congress,https://unitedstates.github.io/images/congress/original/S001211.jpg,S001211
gregory-meeks,Gregory Meeks,congress,https://unitedstates.github.io/images/congress/original/M001137.jpg,M001137
hallie-shoffner,Hallie Shoffner,manual,https://s3.amazonaws.com/ballotpedia-api4/files/Hallie_Shoffner_20250925_065733.jpg,https://ballotpedia.org/Hallie_Shoffner
hannah-pingree,Hannah Pingree,wikipedia,https://thumb.wikimedia.org/wikipedia/commons/thumb/f/f2/Headshot_of_Hannah_Pingree_in_February_2026.jpg/960px-Headshot_of_Hannah_Pingree_in_February_2026.jpg?utm_source=en.wikipedia.org&utm_campaign=api&utm_content=thumbnail,Hannah Pingree
helena-buonanno-foulkes,Helena Buonanno Foulkes,manual,https://s3.amazonaws.com/ballotpedia-api4/files/Helena_Foulkes_Pic__.JPG,https://ballotpedia.org/Helena_Foulkes
herb-conaway,Herb Conaway,congress,https://unitedstates.github.io/images/congress/original/C001136.jpg,C001136
hillary-scholten,Hillary Scholten,congress,https://unitedstates.github.io/images/congress/original/S001221.jpg,S001221
jack-reed,Jack Reed,congress,https://unitedstates.github.io/images/congress/original/R000122.jpg,R000122
jacqui-irwin,Jacqui Irwin,manual,https://images.squarespace-cdn.com/content/v1/5df831e93182260fee97e615/1599848185766-G3TZDU3F46TBSYJD2GAO/meeno-Jacqui+2020.08+-0238+%281%29.jpeg,https://jacquiirwin.com/photo-gallery
jahana-hayes,Jahana Hayes,congress,https://unitedstates.github.io/images/congress/original/H001081.jpg,H001081
jake-auchincloss,Jake Auchincloss,congress,https://unitedstates.github.io/images/congress/original/A000148.jpg,A000148
jake-johnson,Jake Johnson,manual,"https://run.imgix.net/98efac20-09d5-40de-bced-671be80133fe/03447014-d5e8-4c07-8822-4fca2f06ea84/03447014-d5e8-4c07-8822-4fca2f06ea84.jpeg?rect=640,1900,2880,3600&w=1600&q=85",https://www.jakejohnsonforcongress.com/media-kit
james-talarico,James Talarico,wikipedia,https://upload.wikimedia.org/wikipedia/commons/7/70/James_Talarico_Press_Conference_%28cropped%29.jpg?utm_source=en.wikipedia.org&utm_campaign=api&utm_content=thumbnail_unscaled,James Talarico
james-walkinshaw,James Walkinshaw,wikipedia,https://thumb.wikimedia.org/wikipedia/commons/thumb/2/21/Congressman_Walkinshaw_Official_Portrait.jpg/960px-Congressman_Walkinshaw_Official_Portrait.jpg?utm_source=en.wikipedia.org&utm_campaign=api&utm_content=thumbnail,James Walkinshaw
jamie-ager,Jamie Ager,manual,https://agerforcongress.com/wp-content/uploads/2026/07/Jamie-Ager-Headshot-Square.jpg,https://agerforcongress.com/media
janelle-bynum,Janelle Bynum,congress,https://unitedstates.github.io/images/congress/original/B001326.jpg,B001326
janelle-stelson,Janelle Stelson,manual,https://s3.amazonaws.com/ballotpedia-api4/files/JanelleStelson.png,https://ballotpedia.org/Janelle_Stelson
jared-moskowitz,Jared Moskowitz,congress,https://unitedstates.github.io/images/congress/original/M001217.jpg,M001217
jason-crow,Jason Crow,congress,https://unitedstates.github.io/images/congress/original/C001121.jpg,C001121
jb-pritzker,JB Pritzker,wikipedia,https://thumb.wikimedia.org/wikipedia/commons/thumb/c/c4/JB_Pritzker_2026_%28less_cropped%29.jpg/960px-JB_Pritzker_2026_%28less_cropped%29.jpg?utm_source=en.wikipedia.org&utm_campaign=api&utm_content=thumbnail,JB Pritzker
jennifer-mcclellan,Jennifer McClellan,congress,https://unitedstates.github.io/images/congress/original/M001227.jpg,M001227
jeremy-moss,Jeremy Moss,wikipedia,https://upload.wikimedia.org/wikipedia/commons/2/22/Michigan_Senator_Jeremy_Moss_2019.jpg?utm_source=en.wikipedia.org&utm_campaign=api&utm_content=thumbnail_unscaled,Jeremy Moss
jermaine-johnson,Jermaine Johnson,manual,https://s3.amazonaws.com/ballotpedia-api4/files/Jermaine-Johnson.jpg,https://ballotpedia.org/Jermaine_Johnson
jerri-green,Jerri Green,manual,https://s3.amazonaws.com/ballotpedia-api4/files/JG4G_20260427_175724_1397.jpg,https://ballotpedia.org/Jerri_Green
jessica-killin,Jessica Killin,manual,https://s3.amazonaws.com/ballotpedia-api4/files/Jessica_Killin_20250730_045317.png,https://ballotpedia.org/Jessica_Killin
jim-costa,Jim Costa,congress,https://unitedstates.github.io/images/congress/original/C001059.jpg,C001059
jim-himes,Jim Himes,congress,https://unitedstates.github.io/images/congress/original/H001047.jpg,H001047
jimmy-panetta,Jimmy Panetta,congress,https://unitedstates.github.io/images/congress/original/P000613.jpg,P000613
joanna-mendoza,JoAnna Mendoza,manual,https://jstreetpac.org/wp-content/uploads/2025/06/JoAnna-Mendoza-Headshot-1.jpeg,https://jstreetpac.org/candidate/joanna-mendoza/
joaquin-castro,Joaquin Castro,congress,https://unitedstates.github.io/images/congress/original/C001091.jpg,C001091
jocelyn-benson,Jocelyn Benson,wikipedia,https://thumb.wikimedia.org/wikipedia/commons/thumb/5/57/SOS_Jocelyn_Benson_web.jpg/960px-SOS_Jocelyn_Benson_web.jpg?utm_source=en.wikipedia.org&utm_campaign=api&utm_content=thumbnail,Jocelyn Benson
joe-courtney,Joe Courtney,congress,https://unitedstates.github.io/images/congress/original/C001069.jpg,C001069
joe-morelle,Joe Morelle,congress,https://unitedstates.github.io/images/congress/original/M001206.jpg,M001206
joe-neguse,Joe Neguse,congress,https://unitedstates.github.io/images/congress/original/N000191.jpg,N000191
john-hickenlooper,John Hickenlooper,congress,https://unitedstates.github.io/images/congress/original/H000273.jpg,H000273
john-mannion,John Mannion,congress,https://unitedstates.github.io/images/congress/original/M001231.jpg,M001231
johnny-garcia,Johnny Garcia,manual,https://s3.amazonaws.com/ballotpedia-api4/files/Johnny_Garcia_20251021_102841.jpeg,https://ballotpedia.org/Johnny_Garcia_(Texas_congressional_candidate)
johnny-olszewski,Johnny Olszewski,congress,https://unitedstates.github.io/images/congress/original/O000176.jpg,O000176
jon-ossoff,Jon Ossoff,congress,https://unitedstates.github.io/images/congress/original/O000174.jpg,O000174
jonathan-kreiss-tomkins,Jonathan Kreiss-Tomkins,manual,https://images.squarespace-cdn.com/content/v1/6982d88f853910439067d086/1770182800959-REUC5VHR4WA3AZFEMM0L/JKT011926_3.jpg,https://www.jktforak.com/meet-jkt
jonathan-nez,Jonathan Nez,wikipedia,https://thumb.wikimedia.org/wikipedia/commons/thumb/6/6c/Jonathan_Nez_%28B_cropped%29.jpg/960px-Jonathan_Nez_%28B_cropped%29.jpg?utm_source=en.wikipedia.org&utm_campaign=api&utm_content=thumbnail,Jonathan Nez
josh-gottheimer,Josh Gottheimer,congress,https://unitedstates.github.io/images/congress/original/G000583.jpg,G000583
josh-green,Josh Green,manual,https://governor.hawaii.gov/wp-content/uploads/2023/02/governor_green_-046.jpg,https://governor.hawaii.gov/about/
josh-harder,Josh Harder,congress,https://unitedstates.github.io/images/congress/original/H001090.jpg,H001090
josh-riley,Josh Riley,congress,https://unitedstates.github.io/images/congress/original/R000622.jpg,R000622
josh-shapiro,Josh Shapiro,manual,https://www.pa.gov/content/dam/copapwp-pagov/en/governor/headshot/governor_shapiro_headshot.jpg,https://www.pa.gov/governor/meet-governor-josh-shapiro.html
josh-turek,Josh Turek,wikipedia,https://thumb.wikimedia.org/wikipedia/commons/thumb/a/af/Joshua_Turek_%28cropped_2%29.jpg/960px-Joshua_Turek_%28cropped_2%29.jpg?utm_source=en.wikipedia.org&utm_campaign=api&utm_content=thumbnail,Josh Turek
juan-vargas,Juan Vargas,congress,https://unitedstates.github.io/images/congress/original/V000130.jpg,V000130
juliana-stratton,Juliana Stratton,wikipedia,https://thumb.wikimedia.org/wikipedia/commons/thumb/a/a8/Juliana_Stratton_2023_%28cropped%29.jpg/960px-Juliana_Stratton_2023_%28cropped%29.jpg?utm_source=en.wikipedia.org&utm_campaign=api&utm_content=thumbnail,Juliana Stratton
julie-johnson,Julie Johnson,congress,https://unitedstates.github.io/images/congress/original/J000310.jpg,J000310
kathy-hochul,Kathy Hochul,manual,https://www.governor.ny.gov/sites/default/files/2023-01/GovKathyHochul_FeatureBio_Photo.jpg,https://www.governor.ny.gov/
katie-hobbs,Katie Hobbs,manual,https://www.nga.org/wp-content/uploads/2023/01/governor-katie-hobbs.jpeg,https://www.nga.org/governor/katie-hobbs/
keisha-lance-bottoms,Keisha Lance Bottoms,wikipedia,https://thumb.wikimedia.org/wikipedia/commons/thumb/f/fe/Keisha_Lance_Bottoms.jpg/960px-Keisha_Lance_Bottoms.jpg?utm_source=en.wikipedia.org&utm_campaign=api&utm_content=thumbnail,Keisha Lance Bottoms
kelly-morrison,Kelly Morrison,congress,https://unitedstates.github.io/images/congress/original/M001234.jpg,M001234
kenneth-casner,Kenneth Casner,manual,https://s3.amazonaws.com/ballotpedia-api4/files/Screenshot_2018-08-14-10-27-59-1.png,https://ballotpedia.org/Ken_Casner
kevin-mullin,Kevin Mullin,congress,https://unitedstates.github.io/images/congress/original/M001225.jpg,M001225
kim-schrier,Kim Schrier,congress,https://unitedstates.github.io/images/congress/original/S001216.jpg,S001216
kristen-mcdonald-rivet,Kristen McDonald Rivet,congress,https://unitedstates.github.io/images/congress/original/M001237.jpg,M001237
laura-friedman,Laura Friedman,congress,https://unitedstates.github.io/images/congress/original/F000483.jpg,F000483
laura-gillen,Laura Gillen,congress,https://unitedstates.github.io/images/congress/original/G000602.jpg,G000602
leela-gray,Leela Gray,manual,https://s3.amazonaws.com/ballotpedia-api4/files/Leela_Gray_20260317_052703.jpg,https://ballotpedia.org/Leela_Gray
lindsay-james,Lindsay James,manual,https://run.imgix.net/becc34d9-ed8e-42ef-89be-86cb643c17e9/1c80ed44-c867-4987-9dd5-6a2a18c0a553/0cb3078e-8365-40f1-a821-d1f2575abb43.webp,https://www.lindsayforiowa.com
lizzie-fletcher,Lizzie Fletcher,congress,https://unitedstates.github.io/images/congress/original/F000468.jpg,F000468
lori-trahan,Lori Trahan,congress,https://unitedstates.github.io/images/congress/original/T000482.jpg,T000482
lou-correa,Lou Correa,congress,https://unitedstates.github.io/images/congress/original/C001110.jpg,C001110
lucy-mcbath,Lucy McBath,congress,https://unitedstates.github.io/images/congress/original/M001208.jpg,M001208
lynne-walz,Lynne Walz,manual,https://s3.amazonaws.com/ballotpedia-api4/files/Lynne_WalzNE2_2026-04-28_192741.jpg,https://ballotpedia.org/Lynne_Walz
madeleine-dean,Madeleine Dean,congress,https://unitedstates.github.io/images/congress/original/D000631.jpg,D000631
manny-rutinel,Manny Rutinel,manual,https://www.mannyforcolorado.com/s/DSCF8117-main-picture-headshot-1.JPG,https://www.mannyforcolorado.com/media
marie-gluesenkamp-perez,Marie Gluesenkamp Perez,congress,https://unitedstates.github.io/images/congress/original/G000600.jpg,G000600
marilyn-strickland,Marilyn Strickland,congress,https://unitedstates.github.io/images/congress/original/S001159.jpg,S001159
mark-warner,Mark Warner,congress,https://unitedstates.github.io/images/congress/original/W000805.jpg,W000805
marni-von-wilpert,Marni von Wilpert,wikipedia,https://upload.wikimedia.org/wikipedia/commons/5/50/Marni_von_Wilpert.jpg?utm_source=en.wikipedia.org&utm_campaign=api&utm_content=thumbnail_unscaled,Marni von Wilpert
marquita-bradshaw,Marquita Bradshaw,manual,https://run.imgix.net/a2c2e1e5-4319-4e0f-b2d8-d1dac82206c1/02ec65f5-8f9d-4852-945e-e56f4d1b54d3/02ec65f5-8f9d-4852-945e-e56f4d1b54d3.png,https://marquitabradshaw.com
mary-gay-scanlon,Mary Gay Scanlon,congress,https://unitedstates.github.io/images/congress/original/S001205.jpg,S001205
mary-peltola,Mary Peltola,wikipedia,https://thumb.wikimedia.org/wikipedia/commons/thumb/a/a5/Mary_Peltola_Congressional_Member_Portrait_%282%29.jpeg/960px-Mary_Peltola_Congressional_Member_Portrait_%282%29.jpeg?utm_source=en.wikipedia.org&utm_campaign=api&utm_content=thumbnail,Mary Peltola
maura-healey,Maura Healey,wikipedia,https://thumb.wikimedia.org/wikipedia/commons/thumb/3/39/Maura_Healey%2C_official_portrait%2C_governor.jpg/960px-Maura_Healey%2C_official_portrait%2C_governor.jpg?utm_source=en.wikipedia.org&utm_campaign=api&utm_content=thumbnail,Maura Healey
melissa-bean,Melissa Bean,manual,https://run.imgix.net/01a39ac7-16f9-4503-be10-d460e6101335/964bfd9f-b8aa-487a-abf2-fe05a2299c04/964bfd9f-b8aa-487a-abf2-fe05a2299c04.jpeg,https://www.melissabeanforcongress.com
mike-levin,Mike Levin,congress,https://unitedstates.github.io/images/congress/original/L000593.jpg,L000593
mike-quigley,Mike Quigley,congress,https://unitedstates.github.io/images/congress/original/Q000023.jpg,Q000023
mike-thompson,Mike Thompson,congress,https://unitedstates.github.io/images/congress/original/T000460.jpg,T000460
mitchell-berman,Mitchell Berman,manual,https://drive.google.com/uc?export=download&id=1mv-3xAHzcquF19IkgPh8KAI-BusJSwSV,https://www.bermanforcongress.com/media
morgan-mcgarvey,Morgan McGarvey,congress,https://unitedstates.github.io/images/congress/original/M001220.jpg,M001220
ned-lamont,Ned Lamont,wikipedia,https://thumb.wikimedia.org/wikipedia/commons/thumb/b/b8/Governor_Ned_Lamont_of_Connecticut%2C_official_portrait.jpg/960px-Governor_Ned_Lamont_of_Connecticut%2C_official_portrait.jpg?utm_source=en.wikipedia.org&utm_campaign=api&utm_content=thumbnail,Ned Lamont
nellie-pou,Nellie Pou,congress,https://unitedstates.github.io/images/congress/original/P000621.jpg,P000621
nikema-williams,Nikema Williams,congress,https://unitedstates.github.io/images/congress/original/W000788.jpg,W000788
nikki-budzinski,Nikki Budzinski,congress,https://unitedstates.github.io/images/congress/original/B001315.jpg,B001315
norma-torres,Norma Torres,congress,https://unitedstates.github.io/images/congress/original/T000474.jpg,T000474
paige-cognetti,Paige Cognetti,manual,https://s3.amazonaws.com/ballotpedia-api4/files/meet-paige_20260701_023034_30717_1.jpg,https://ballotpedia.org/Paige_Cognetti
pat-ryan,Pat Ryan,congress,https://unitedstates.github.io/images/congress/original/R000579.jpg,R000579
pete-aguilar,Pete Aguilar,congress,https://unitedstates.github.io/images/congress/original/A000371.jpg,A000371
phil-weiser,Phil Weiser,manual,https://philforcolorado.com/wp-content/uploads/2024/12/HDbg3.jpg,https://philforcolorado.com/
pia-dandiya,Pia Dandiya,manual,https://s3.amazonaws.com/ballotpedia-api4/files/Pia_Dandiya_20250619_020627.jpg,https://ballotpedia.org/Pia_Dandiya
raul-ruiz,Raul Ruiz,congress,https://unitedstates.github.io/images/congress/original/R000599.jpg,R000599
rebecca-bennett,Rebecca Bennett,manual,https://s3.amazonaws.com/ballotpedia-api4/files/Headshot_20260430_181021_18936.jpeg,https://ballotpedia.org/Rebecca_Bennett_(New_Jersey)
rebecca-cooke,Rebecca Cooke,manual,https://s3.amazonaws.com/ballotpedia-api4/files/Rebecca_Cooke_2026.jpg,https://ballotpedia.org/Rebecca_Cooke
rick-larsen,Rick Larsen,congress,https://unitedstates.github.io/images/congress/original/L000560.jpg,L000560
ritchie-torres,Ritchie Torres,congress,https://unitedstates.github.io/images/congress/original/T000486.jpg,T000486
rob-sand,Rob Sand,wikipedia,https://thumb.wikimedia.org/wikipedia/commons/thumb/5/58/Rob_Sand_campaign_headshot_%28cropped_1%29.jpg/960px-Rob_Sand_campaign_headshot_%28cropped_1%29.jpg?utm_source=en.wikipedia.org&utm_campaign=api&utm_content=thumbnail,Rob Sand
roy-cooper,Roy Cooper,wikipedia,https://thumb.wikimedia.org/wikipedia/commons/thumb/c/ce/Roy_Cooper_at_Roy_Cooper_Rally_April_2026-2_%28cropped%29.jpg/960px-Roy_Cooper_at_Roy_Cooper_Rally_April_2026-2_%28cropped%29.jpg?utm_source=en.wikipedia.org&utm_campaign=api&utm_content=thumbnail,Roy Cooper
salud-carbajal,Salud Carbajal,congress,https://unitedstates.github.io/images/congress/original/C001112.jpg,C001112
sam-forstag,Sam Forstag,manual,https://s3.amazonaws.com/ballotpedia-api4/files/Samuel_Forstag_26_2026-04-28_162717.jpeg,https://ballotpedia.org/Sam_Forstag
sam-liccardo,Sam Liccardo,congress,https://unitedstates.github.io/images/congress/original/L000607.jpg,L000607
sanford-d-bishop,Sanford D. Bishop,congress,https://unitedstates.github.io/images/congress/original/B000490.jpg,B000490
sara-jacobs,Sara Jacobs,congress,https://unitedstates.github.io/images/congress/original/J000305.jpg,J000305
sarah-elfreth,Sarah Elfreth,congress,https://unitedstates.github.io/images/congress/original/E000301.jpg,E000301
sarah-mcbride,Sarah McBride,congress,https://unitedstates.github.io/images/congress/original/M001238.jpg,M001238
sarah-trone-garriott,Sarah Trone Garriott,wikipedia,https://thumb.wikimedia.org/wikipedia/commons/thumb/7/78/Sarah_Trone_Garriott_2023_%28cropped_2%29.jpg/960px-Sarah_Trone_Garriott_2023_%28cropped_2%29.jpg?utm_source=en.wikipedia.org&utm_campaign=api&utm_content=thumbnail,Sarah Trone Garriott
scott-colom,Scott Colom,manual,https://s3.amazonaws.com/ballotpedia-api4/files/ScottColom2025.jpeg,https://ballotpedia.org/Scott_Colom
scott-peters,Scott Peters,congress,https://unitedstates.github.io/images/congress/original/P000608.jpg,P000608
sean-casten,Sean Casten,congress,https://unitedstates.github.io/images/congress/original/C001117.jpg,C001117
sean-mccann,Sean McCann,manual,https://senatedems.com/mccann/wp-content/uploads/sites/20/2022/12/MDS_McCann_DSC5430.jpg,https://senatedems.com/mccann/bio/
seth-bodnar,Seth Bodnar,manual,https://run.imgix.net/ce73de18-3d81-4625-8bb3-7868e4c01170/5e66deac-ec6f-431d-beab-bcc3f7b2d975/5e66deac-ec6f-431d-beab-bcc3f7b2d975.jpg,https://www.sethformontana.com/
shannon-taylor,Shannon Taylor,manual,https://s3.amazonaws.com/ballotpedia-api4/files/Shannon_Taylor_2025.jpg,https://ballotpedia.org/Shannon_Taylor_(Virginia)
sharice-davids,Sharice Davids,congress,https://unitedstates.github.io/images/congress/original/D000629.jpg,D000629
shomari-figures,Shomari Figures,congress,https://unitedstates.github.io/images/congress/original/F000481.jpg,F000481
shontel-brown,Shontel Brown,congress,https://unitedstates.github.io/images/congress/original/B001313.jpg,B001313
steven-horsford,Steven Horsford,congress,https://unitedstates.github.io/images/congress/original/H001066.jpg,H001066
suhas-subramanyam,Suhas Subramanyam,congress,https://unitedstates.github.io/images/congress/original/S001230.jpg,S001230
susie-lee,Susie Lee,congress,https://unitedstates.github.io/images/congress/original/L000590.jpg,L000590
suzan-delbene,Suzan DelBene,congress,https://unitedstates.github.io/images/congress/original/D000617.jpg,D000617
teresa-benitez-thompson,Teresa Benitez-Thompson,manual,https://s3.amazonaws.com/ballotpedia-api4/files/TeresaBenitez-Thomson26_2026-09-08_210252.jpeg,https://ballotpedia.org/Teresa_Benitez-Thompson
terri-pickens,Terri Pickens,manual,https://s3.amazonaws.com/ballotpedia-api4/files/TerriPickensManweiler2025.jpg,https://ballotpedia.org/Terri_Pickens
terri-sewell,Terri Sewell,congress,https://unitedstates.github.io/images/congress/original/S001185.jpg,S001185
tim-kennedy,Tim Kennedy,congress,https://unitedstates.github.io/images/congress/original/K000402.jpg,K000402
tom-suozzi,Tom Suozzi,congress,https://unitedstates.github.io/images/congress/original/S001201.jpg,S001201
troy-carter,Troy Carter,congress,https://unitedstates.github.io/images/congress/original/C001125.jpg,C001125
troy-jackson,Troy Jackson,wikipedia,https://thumb.wikimedia.org/wikipedia/commons/thumb/b/b5/Troy_Jackson_in_the_Senate_Chamber_%28cropped%29.jpg/960px-Troy_Jackson_in_the_Senate_Chamber_%28cropped%29.jpg?utm_source=en.wikipedia.org&utm_campaign=api&utm_content=thumbnail,Troy Jackson
val-hoyle,Val Hoyle,congress,https://unitedstates.github.io/images/congress/original/H001094.jpg,H001094
valerie-foushee,Valerie Foushee,congress,https://unitedstates.github.io/images/congress/original/F000477.jpg,F000477
veronica-escobar,Veronica Escobar,congress,https://unitedstates.github.io/images/congress/original/E000299.jpg,E000299
vicente-gonzalez,Vicente Gonzalez,congress,https://unitedstates.github.io/images/congress/original/G000581.jpg,G000581
wes-moore,Wes Moore,wikipedia,https://thumb.wikimedia.org/wikipedia/commons/thumb/c/c3/Wes_Moore_Official_Governor_Portrait.jpg/960px-Wes_Moore_Official_Governor_Portrait.jpg?utm_source=en.wikipedia.org&utm_campaign=api&utm_content=thumbnail,Wes Moore
wesley-bell,Wesley Bell,wikipedia,https://thumb.wikimedia.org/wikipedia/commons/thumb/3/34/Wesley_Bell%2C_official_portrait_%28119th_Congress%29.jpg/960px-Wesley_Bell%2C_official_portrait_%28119th_Congress%29.jpg?utm_source=en.wikipedia.org&utm_campaign=api&utm_content=thumbnail,Wesley Bell
xavier-becerra,Xavier Becerra,wikipedia,https://thumb.wikimedia.org/wikipedia/commons/thumb/8/85/HHS_Xavier_Becerra.jpg/960px-HHS_Xavier_Becerra.jpg?utm_source=en.wikipedia.org&utm_campaign=api&utm_content=thumbnail,Xavier Becerra
zach-dembo,Zach Dembo,manual,https://s3.amazonaws.com/ballotpedia-api4/files/Zach_Dembo_20250730_033156.jpg,https://ballotpedia.org/Zach_Dembo
