Name,Seat,Status,Party,Show,Result,Photo URL,Website
Manny Rutinel,CO-08,Challenger,,Yes,,,
Denise Powell,NE-02,Open,,Yes,,,
Bobby Pulido,TX-15,Challenger,,Yes,,,
Brian Poindexter,OH-07,Challenger,,Yes,,,
Zach Dembo,KY-06,Open,,Yes,,,
Marie Gluesenkamp Perez,WA-03,Incumbent,,Yes,,,
Rebecca Cooke,WI-03,Challenger,,Yes,,,
Amish Shah,AZ-01,Open,,Yes,,,
Jamie Ager,NC-11,Open,,Yes,,,
Bale Dalton,FL-07,Open,,Yes,,,
Kristen McDonald Rivet,MI-08,Incumbent,,Yes,,,
Paige Cognetti,PA-08,Challenger,,Yes,,,
Don Davis,NC-01,Incumbent,,Yes,,,
Elaine Luria,VA-02,Challenger,,Yes,,,
Josh Turek,IA-SEN,Open,,Yes,,,
Adam Gray,CA-13,Incumbent,,Yes,,,
Janelle Stelson,PA-10,Challenger,,Yes,,,
Jake Auchincloss,MA-04,Incumbent,,Yes,,,
Pia Dandiya,FL-22,Open,,Yes,,,
Chris Gallant,NY-01,Challenger,,Yes,,,
Shannon Taylor,VA-01,Challenger,,Yes,,,
Ben McAdams,UT-01,Open,,Yes,,,
Johnny Garcia,TX-35,Open,,Yes,,,
Chaz Molder,TN-05,Open,,Yes,,,
Rebecca Bennett,NJ-07,Challenger,,Yes,,,
Cait Conley,NY-17,Challenger,,Yes,,,
Bob Harvie,PA-01,Challenger,,Yes,,,
Melissa Bean,IL-08,Open,,Yes,,,
Adrian Boafo,MD-05,Open,,Yes,,,
Sean McCann,MI-04,Challenger,,Yes,,,
Christina Hines,MI-10,Open,,Yes,,,
Jeremy Moss,MI-11,Open,,Yes,,,
Jake Johnson,MN-01,Challenger,,Yes,,,
Laura Friedman,CA-30,Incumbent,,Yes,,,
Jonathan Nez,AZ-02,Challenger,,Yes,,,
JoAnna Mendoza,AZ-06,Challenger,,Yes,,,
Joe Neguse,CO-02,Incumbent,,Yes,,,
Dr. Richard Pan,CA-06,Open,,Yes,,,
Jacqui Irwin,CA-26,Open,,Yes,,,
Marni von Wilpert,CA-48,Open,,Yes,,,
Jessica Killin,CO-05,Challenger,,Yes,,,
Leela Gray,FL-13,Challenger,,Yes,,,
Christina Bohannan,IA-01,Challenger,,Yes,,,
Lindsay James,IA-02,Open,,Yes,,,
Sarah Trone Garriott,IA-03,Challenger,,Yes,,,
Donna Miller,IL-02,Open,,Yes,,,
Blake Gendebien,NY-21,Open,,Yes,,,
Sam Forstag,MT-01,Open,,Yes,,,
Bob Brooks,PA-07,Challenger,,Yes,,,
Ritchie Torres,NY-15,Incumbent,,Yes,,,
James Talarico,TX-SEN,Open,,Yes,,,
Amy Acton,OH Gov,Open,,Yes,,,
Katie Hobbs,AZ Gov,Incumbent,,Yes,,,
Xavier Becerra,CA Gov,Open,,Yes,,,
Phil Weiser,CO Gov,Open,,Yes,,,
Ned Lamont,CT Gov,Incumbent,,Yes,,,
Josh Shapiro,PA Gov,Incumbent,,Yes,,,
Wes Moore,MD Gov,Incumbent,,Yes,,,
Maura Healey,MA Gov,Incumbent,,Yes,,,
Jocelyn Benson,MI Gov,Open,,Yes,,,
Hannah Pingree,ME Gov,Open,,Yes,,,
JB Pritzker,IL Gov,Incumbent,,Yes,,,
Josh Green,HI Gov,Incumbent,,Yes,,,
Cindy Holscher,KS Gov,Open,,Yes,,,
Deb Haaland,NM Gov,Open,,Yes,,,
Keisha Lance Bottoms,GA Gov,Open,,Yes,,,
Rob Sand,IA Gov,Open,,Yes,,,
Jermaine Johnson,SC Gov,Open,,Yes,,,
Gina Hinojosa,TX Gov,Challenger,,Yes,,,
Jon Ossoff,GA-SEN,Incumbent,,Yes,,,
Mark Warner,VA-SEN,Incumbent,,Yes,,,
John Hickenlooper,CO-SEN,Incumbent,,Yes,,,
Chris Coons,DE-SEN,Incumbent,,Yes,,,
Troy Jackson,ME-SEN,Challenger,,Yes,,,
Chris Pappas,NH-SEN,Open,,Yes,,,
Juliana Stratton,IL-SEN,Open,,Yes,,,
Mary Peltola,AK-SEN,Challenger,,Yes,,,
Adam Hamilton,KS-SEN,Challenger,,Yes,,,
Vicente Gonzalez,TX-34,Incumbent,,Yes,,,
Lou Correa,CA-46,Incumbent,,Yes,,,
Sanford D. Bishop,GA-02,Incumbent,,Yes,,,
Jim Costa,CA-21,Incumbent,,Yes,,,
Josh Gottheimer,NJ-05,Incumbent,,Yes,,,
Mike Thompson,CA-04,Incumbent,,Yes,,,
Shomari Figures,AL-02,Incumbent,,Yes,,,
Terri Sewell,AL-07,Incumbent,,Yes,,,
Greg Stanton,AZ-04,Incumbent,,Yes,,,
Pete Aguilar,CA-33,Incumbent,,Yes,,,
Salud Carbajal,CA-24,Incumbent,,Yes,,,
Josh Harder,CA-09,Incumbent,,Yes,,,
Sara Jacobs,CA-51,Incumbent,,Yes,,,
Jimmy Panetta,CA-19,Incumbent,,Yes,,,
Scott Peters,CA-50,Incumbent,,Yes,,,
Raul Ruiz,CA-25,Incumbent,,Yes,,,
Norma Torres,CA-35,Incumbent,,Yes,,,
George Whitesides,CA-27,Incumbent,,Yes,,,
Juan Vargas,CA-52,Incumbent,,Yes,,,
Sam Liccardo,CA-16,Incumbent,,Yes,,,
Gil Cisneros,CA-31,Incumbent,,Yes,,,
Derek Tran,CA-45,Incumbent,,Yes,,,
Mike Levin,CA-49,Incumbent,,Yes,,,
Kevin Mullin,CA-15,Incumbent,,Yes,,,
Brad Sherman,CA-32,Incumbent,,Yes,,,
Jason Crow,CO-06,Incumbent,,Yes,,,
Brittany Pettersen,CO-07,Incumbent,,Yes,,,
Joe Courtney,CT-02,Incumbent,,Yes,,,
Jim Himes,CT-04,Incumbent,,Yes,,,
Jahana Hayes,CT-05,Incumbent,,Yes,,,
Sarah McBride,DE-AL,Incumbent,,Yes,,,
Jared Moskowitz,FL-25,Incumbent,,Yes,,,
Darren Soto,FL-09,Incumbent,,Yes,,,
Debbie Wasserman Schultz,FL-20,Incumbent,,Yes,,,
Lucy McBath,GA-06,Incumbent,,Yes,,,
Nikema Williams,GA-05,Incumbent,,Yes,,,
Ed Case,HI-01,Incumbent,,Yes,,,
Mike Quigley,IL-05,Incumbent,,Yes,,,
Sean Casten,IL-06,Incumbent,,Yes,,,
Brad Schneider,IL-10,Incumbent,,Yes,,,
Bill Foster,IL-11,Incumbent,,Yes,,,
Nikki Budzinski,IL-13,Incumbent,,Yes,,,
Eric Sorensen,IL-17,Incumbent,,Yes,,,
André Carson,IN-07,Incumbent,,Yes,,,
Frank Mrvan,IN-01,Incumbent,,Yes,,,
Sharice Davids,KS-03,Incumbent,,Yes,,,
Morgan McGarvey,KY-03,Incumbent,,Yes,,,
Troy Carter,LA-02,Incumbent,,Yes,,,
Johnny Olszewski,MD-02,Incumbent,,Yes,,,
Sarah Elfreth,MD-03,Incumbent,,Yes,,,
Glenn Ivey,MD-04,Incumbent,,Yes,,,
April McClain Delaney,MD-06,Incumbent,,Yes,,,
Lori Trahan,MA-03,Incumbent,,Yes,,,
Bill Keating,MA-09,Incumbent,,Yes,,,
Hillary Scholten,MI-03,Incumbent,,Yes,,,
Kelly Morrison,MN-03,Incumbent,,Yes,,,
Wesley Bell,MO-01,Incumbent,,Yes,,,
Steven Horsford,NV-04,Incumbent,,Yes,,,
Susie Lee,NV-03,Incumbent,,Yes,,,
Donald Norcross,NJ-01,Incumbent,,Yes,,,
Herb Conaway,NJ-03,Incumbent,,Yes,,,
Nellie Pou,NJ-09,Incumbent,,Yes,,,
Gabe Vasquez,NM-02,Incumbent,,Yes,,,
Tom Suozzi,NY-03,Incumbent,,Yes,,,
Laura Gillen,NY-04,Incumbent,,Yes,,,
Gregory Meeks,NY-05,Incumbent,,Yes,,,
George Latimer,NY-16,Incumbent,,Yes,,,
Pat Ryan,NY-18,Incumbent,,Yes,,,
Josh Riley,NY-19,Incumbent,,Yes,,,
John Mannion,NY-22,Incumbent,,Yes,,,
Joe Morelle,NY-25,Incumbent,,Yes,,,
Tim Kennedy,NY-26,Incumbent,,Yes,,,
Valerie Foushee,NC-04,Incumbent,,Yes,,,
Deborah Ross,NC-02,Incumbent,,Yes,,,
Greg Landsman,OH-01,Incumbent,,Yes,,,
Shontel Brown,OH-11,Incumbent,,Yes,,,
Emilia Sykes,OH-13,Incumbent,,Yes,,,
Val Hoyle,OR-04,Incumbent,,Yes,,,
Janelle Bynum,OR-05,Incumbent,,Yes,,,
Andrea Salinas,OR-06,Incumbent,,Yes,,,
Brendan Boyle,PA-02,Incumbent,,Yes,,,
Madeleine Dean,PA-04,Incumbent,,Yes,,,
Mary Gay Scanlon,PA-05,Incumbent,,Yes,,,
Chrissy Houlahan,PA-06,Incumbent,,Yes,,,
Ami Bera,CA-03,Incumbent,,Yes,,,
Joaquin Castro,TX-20,Incumbent,,Yes,,,
Veronica Escobar,TX-16,Incumbent,,Yes,,,
Lizzie Fletcher,TX-07,Incumbent,,Yes,,,
Julie Johnson,TX-33,Incumbent,,No,,,
Don Beyer,VA-08,Incumbent,,Yes,,,
Jennifer McClellan,VA-04,Incumbent,,Yes,,,
Eugene Vindman,VA-07,Incumbent,,Yes,,,
Suhas Subramanyam,VA-10,Incumbent,,Yes,,,
James Walkinshaw,VA-11,Incumbent,,Yes,,,
Suzan DelBene,WA-01,Incumbent,,Yes,,,
Rick Larsen,WA-02,Incumbent,,Yes,,,
Kim Schrier,WA-08,Incumbent,,Yes,,,
Adam Smith,WA-09,Incumbent,,Yes,,,
Marilyn Strickland,WA-10,Incumbent,,Yes,,,
Emily Randall,WA-06,Incumbent,,Yes,,,
Mitchell Berman,WI-01,Challenger,,Yes,,,
Bill Hill,AK-AL,Challenger,Independent,Yes,,,
Roy Cooper,NC-SEN,Open,,Yes,,,
Dan Osborn,NE-SEN,Challenger,Independent,Yes,,,
Everett Wess,AL-SEN,Open,,Yes,,,
Hallie Shoffner,AR-SEN,Challenger,,Yes,,,
Scott Colom,MS-SEN,Challenger,,Yes,,,
Seth Bodnar,MT-SEN,Open,Independent,Yes,,,
Cory Booker,NJ-SEN,Incumbent,,Yes,,,
Ben Ray Luján,NM-SEN,Incumbent,,Yes,,,
Jack Reed,RI-SEN,Incumbent,,Yes,,,
Brian Bengs,SD-SEN,Challenger,Independent,Yes,,,
Marquita Bradshaw,TN-SEN,Challenger,,Yes,,,
Jonathan Kreiss-Tomkins,AK Gov,Open,,Yes,,,
Aaron Ford,NV Gov,Challenger,,Yes,,,
David Crowley,WI Gov,Open,,Yes,,,
David Jolly,FL Gov,Open,,Yes,,,
Cinde Warmington,NH Gov,Challenger,,Yes,,,
Doug Jones,AL Gov,Open,,Yes,,,
Lynne Walz,NE Gov,Challenger,,Yes,,,
Helena Buonanno Foulkes,RI Gov,Open,,Yes,,,
Terri Pickens,ID Gov,Challenger,,Yes,,,
Kathy Hochul,NY Gov,Incumbent,,Yes,,,
Cyndi Munson,OK Gov,Open,,Yes,,,
Dan Ahlers,SD Gov,Challenger,,Yes,,,
Jerri Green,TN Gov,Open,,Yes,,,
Kenneth Casner,WY Gov,Open,,Yes,,,
Teresa Benitez-Thompson,NV-02,Open,,Yes,,,
Gabe Amo,RI-01,Incumbent,,Yes,,,
